{"slope": 0.3265425049472979, "intercept": 0.2346733832220928}